
-- Database Backup --
-- Ver. : 1.0.1
-- Host : Server Host
-- Generating Time : Nov 02, 2023 at 20:46:55:PM


CREATE TABLE `bayar` (
  `id_bayar` int(10) NOT NULL AUTO_INCREMENT,
  `id_siswa` int(10) NOT NULL,
  `id_bayar_metode` int(10) NOT NULL,
  `keterangan` text NOT NULL,
  `bukti` varchar(200) NOT NULL,
  `status_verifikasi` varchar(100) NOT NULL,
  `nominal_bayar` int(17) NOT NULL,
  `tanggal_bayar` date NOT NULL,
  `dibuat_pada` datetime NOT NULL DEFAULT current_timestamp(),
  `diubah_pada` datetime NOT NULL DEFAULT current_timestamp(),
  `dihapus_pada` datetime DEFAULT NULL,
  PRIMARY KEY (`id_bayar`)
) ENGINE=InnoDB AUTO_INCREMENT=21 DEFAULT CHARSET=utf8mb4 COLLATE=utf8mb4_general_ci;

INSERT INTO bayar VALUES
("1","15","1","VIA BCA 0099898","2023_10_12_05_30_21_Gambar WhatsApp 2023-10-10 pukul 20.29.34.jpg","Sudah Verifikasi","446000","2023-10-12","2023-10-12 10:30:21","2023-10-12 10:30:21",""),
("2","15","1","VIA BCA 0000000","2023_10_12_05_37_43_Gambar WhatsApp 2023-10-10 pukul 20.29.33.jpg","Sudah Verifikasi","2000000","2023-10-12","2023-10-12 10:37:43","2023-10-12 10:37:43",""),
("3","15","1","Pembayaran Study Tour VIA BCA 0099888","2023_10_17_04_47_30_2.jpg","Sudah Verifikasi","500000","2023-10-17","2023-10-17 09:47:30","2023-10-17 09:47:30",""),
("4","20","1","Pembayaran SPP Bulan Oktober VIA BCA 009787","2023_10_19_05_33_17_trs4.jpg","Sudah Verifikasi","1000000","2023-10-07","2023-10-19 10:33:17","2023-10-19 10:33:17",""),
("5","20","1","SPP September VIA BCA 0098878998","2023_10_19_05_34_17_rm.JPG","Sudah Verifikasi","1000000","2023-09-21","2023-10-19 10:34:17","2023-10-19 10:34:17",""),
("6","12","1","SPP Oktober VIA BCA 00998980000","2023_10_19_05_35_07_lv.jpg","Sudah Verifikasi","1000000","2023-10-08","2023-10-19 10:35:07","2023-10-19 10:35:07",""),
("7","12","1","SPP September VIA BCA 000998876543","2023_10_19_05_36_11_dpr.jpg","Sudah Verifikasi","500000","2023-09-15","2023-10-19 10:36:11","2023-10-19 10:36:11",""),
("8","17","1","SPP Oktober VIA BRI 0099787899","2023_10_19_05_37_18_tbl.jpg","Sudah Verifikasi","1000000","2023-10-08","2023-10-19 10:37:18","2023-10-19 10:37:18",""),
("9","17","1","Pembyaran SPP September VIA Mandiri  05664553","2023_10_19_05_39_06_lv2.jpg","Sudah Verifikasi","446000","2023-09-30","2023-10-19 10:39:06","2023-10-19 10:39:06",""),
("10","18","1","SPP OKTOBER VIA BANK BTN 000000000","2023_10_19_05_41_03_lv.jpg","Sudah Verifikasi","1500000","2023-10-11","2023-10-19 10:41:03","2023-10-19 10:41:03",""),
("11","18","1","SPP SEPTEMBER VIA BTN 0000999","2023_10_19_05_42_01_Gambar WhatsApp 2023-05-31 pukul 14.01.55.jpg","Sudah Verifikasi","1000000","2023-09-25","2023-10-19 10:42:01","2023-10-19 10:42:01",""),
("12","4","1","SPP BULAN OKTOBER VIA MANDIRI","2023_10_19_05_44_05_Picture1.png","Sudah Verifikasi","1200000","2023-10-16","2023-10-19 10:44:05","2023-10-19 10:44:05",""),
("13","4","1","SPP BULAN SEPTEMBER VIA MANDIRI 000000000","2023_10_19_05_45_00_Gambar WhatsApp 2023-05-31 pukul 14.01.56.jpg","Sudah Verifikasi","500000","2023-09-08","2023-10-19 10:45:00","2023-10-19 10:45:00",""),
("14","8","1","SPP OKTOBER VIA BCA 09876554","2023_10_19_05_47_31_APCG3158.JPG","Sudah Verifikasi","900000","2023-10-02","2023-10-19 10:47:31","2023-10-19 10:47:31",""),
("15","8","1","PEMBAYARAN SPP BULAN SEPTEMBER","2023_10_19_05_48_29_salic.jpg","Sudah Verifikasi","2000000","2023-09-28","2023-10-19 10:48:29","2023-10-19 10:48:29",""),
("16","19","1","PEMBAYARAN SPP OKTOBER VIA BTN 009909000","2023_10_19_05_50_04_4.jpg","Sudah Verifikasi","2500000","2023-10-10","2023-10-19 10:50:04","2023-10-19 10:50:04",""),
("17","19","1","PEMBAYARAN SPP BULAN SEPTEMBER VIA BTN 009798999","2023_10_19_05_51_00_8.jpg","Sudah Verifikasi","446000","2023-09-26","2023-10-19 10:51:00","2023-10-19 10:51:00",""),
("18","3","1","PEMAYARAN SPP BULAN SEPTEMBER VIA BNI","2023_10_19_05_52_28_retinol.jpg","Sudah Verifikasi","1000000","2023-09-14","2023-10-19 10:52:28","2023-10-19 10:52:28",""),
("19","16","1","PEMBAYARAN SPP BULAN SEPTEMBER VIA BTN","2023_10_19_05_53_29_11.jpg","Sudah Verifikasi","1000000","2023-09-10","2023-10-19 10:53:29","2023-10-19 10:53:29",""),
("20","5","1","PEMBAYARAN SPP BULAN SEPTEMBER VIA DANAMON","2023_10_19_05_56_05_retinol.jpg","Sudah Verifikasi","1200000","2023-09-16","2023-10-19 10:56:05","2023-10-19 10:56:05","");

CREATE TABLE `bayar_alokasi` (
  `id_bayar_alokasi` int(10) NOT NULL AUTO_INCREMENT,
  `id_bayar` int(10) NOT NULL,
  `id_tagihan` int(10) NOT NULL,
  `total_alokasi` int(17) NOT NULL,
  `dialokasikan_oleh` varchar(100) NOT NULL,
  `dibuat_pada` datetime NOT NULL DEFAULT current_timestamp(),
  `diubah_pada` datetime NOT NULL DEFAULT current_timestamp(),
  `dihapus_pada` datetime DEFAULT NULL,
  PRIMARY KEY (`id_bayar_alokasi`)
) ENGINE=InnoDB AUTO_INCREMENT=57 DEFAULT CHARSET=utf8mb4 COLLATE=utf8mb4_general_ci;

INSERT INTO bayar_alokasi VALUES
("1","1","144","446000","Otomatis Oleh Sistem","2023-10-12 10:34:03","2023-10-12 10:34:03",""),
("2","2","145","446000","Otomatis Oleh Sistem","2023-10-12 10:38:43","2023-10-12 10:38:43",""),
("3","2","146","446000","Otomatis Oleh Sistem","2023-10-12 10:38:43","2023-10-12 10:38:43",""),
("4","2","156","1108000","Otomatis Oleh Sistem","2023-10-12 10:38:43","2023-10-12 10:38:43",""),
("5","3","156","500000","Otomatis Oleh Sistem","2023-10-17 09:47:30","2023-10-17 09:47:30",""),
("6","4","211","446000","Otomatis Oleh Sistem","2023-10-19 10:33:17","2023-10-19 10:33:17",""),
("7","4","215","446000","Otomatis Oleh Sistem","2023-10-19 10:33:17","2023-10-19 10:33:17",""),
("8","4","219","108000","Otomatis Oleh Sistem","2023-10-19 10:33:17","2023-10-19 10:33:17",""),
("9","5","209","446001","Otomatis Oleh Sistem","2023-10-19 10:34:17","2023-10-19 10:34:17",""),
("10","5","214","446000","Otomatis Oleh Sistem","2023-10-19 10:34:17","2023-10-19 10:34:17",""),
("11","5","219","107999","Otomatis Oleh Sistem","2023-10-19 10:34:17","2023-10-19 10:34:17",""),
("12","6","105","446001","Otomatis Oleh Sistem","2023-10-19 10:35:07","2023-10-19 10:35:07",""),
("13","6","109","446000","Otomatis Oleh Sistem","2023-10-19 10:35:07","2023-10-19 10:35:07",""),
("14","6","113","107999","Otomatis Oleh Sistem","2023-10-19 10:35:07","2023-10-19 10:35:07",""),
("15","7","106","446000","Otomatis Oleh Sistem","2023-10-19 10:36:11","2023-10-19 10:36:11",""),
("16","7","111","54000","Otomatis Oleh Sistem","2023-10-19 10:36:11","2023-10-19 10:36:11",""),
("17","8","170","446001","Otomatis Oleh Sistem","2023-10-19 10:37:18","2023-10-19 10:37:18",""),
("18","8","174","446000","Otomatis Oleh Sistem","2023-10-19 10:37:18","2023-10-19 10:37:18",""),
("19","8","178","107999","Otomatis Oleh Sistem","2023-10-19 10:37:18","2023-10-19 10:37:18",""),
("20","9","171","446000","Otomatis Oleh Sistem","2023-10-19 10:39:06","2023-10-19 10:39:06",""),
("21","10","183","446001","Otomatis Oleh Sistem","2023-10-19 10:41:03","2023-10-19 10:41:03",""),
("22","10","187","446000","Otomatis Oleh Sistem","2023-10-19 10:41:03","2023-10-19 10:41:03",""),
("23","10","191","446000","Otomatis Oleh Sistem","2023-10-19 10:41:03","2023-10-19 10:41:03",""),
("24","10","195","161999","Otomatis Oleh Sistem","2023-10-19 10:41:03","2023-10-19 10:41:03",""),
("25","11","184","446000","Otomatis Oleh Sistem","2023-10-19 10:42:01","2023-10-19 10:42:01",""),
("26","11","189","446000","Otomatis Oleh Sistem","2023-10-19 10:42:01","2023-10-19 10:42:01",""),
("27","11","194","108000","Otomatis Oleh Sistem","2023-10-19 10:42:01","2023-10-19 10:42:01",""),
("28","12","27","446001","Otomatis Oleh Sistem","2023-10-19 10:44:05","2023-10-19 10:44:05",""),
("29","12","31","446000","Otomatis Oleh Sistem","2023-10-19 10:44:05","2023-10-19 10:44:05",""),
("30","12","35","307999","Otomatis Oleh Sistem","2023-10-19 10:44:05","2023-10-19 10:44:05",""),
("31","13","28","446000","Otomatis Oleh Sistem","2023-10-19 10:45:00","2023-10-19 10:45:00",""),
("32","13","33","54000","Otomatis Oleh Sistem","2023-10-19 10:45:00","2023-10-19 10:45:00",""),
("33","14","79","446001","Otomatis Oleh Sistem","2023-10-19 10:47:31","2023-10-19 10:47:31",""),
("34","14","83","446000","Otomatis Oleh Sistem","2023-10-19 10:47:31","2023-10-19 10:47:31",""),
("35","14","87","7999","Otomatis Oleh Sistem","2023-10-19 10:47:31","2023-10-19 10:47:31",""),
("36","15","80","446000","Otomatis Oleh Sistem","2023-10-19 10:48:29","2023-10-19 10:48:29",""),
("37","15","85","446000","Otomatis Oleh Sistem","2023-10-19 10:48:29","2023-10-19 10:48:29",""),
("38","15","89","446000","Otomatis Oleh Sistem","2023-10-19 10:48:29","2023-10-19 10:48:29",""),
("39","15","81","446000","Otomatis Oleh Sistem","2023-10-19 10:48:29","2023-10-19 10:48:29",""),
("40","15","86","216000","Otomatis Oleh Sistem","2023-10-19 10:48:29","2023-10-19 10:48:29",""),
("41","16","196","446001","Otomatis Oleh Sistem","2023-10-19 10:50:04","2023-10-19 10:50:04",""),
("42","16","200","446000","Otomatis Oleh Sistem","2023-10-19 10:50:04","2023-10-19 10:50:04",""),
("43","16","204","446000","Otomatis Oleh Sistem","2023-10-19 10:50:04","2023-10-19 10:50:04",""),
("44","16","208","446000","Otomatis Oleh Sistem","2023-10-19 10:50:04","2023-10-19 10:50:04",""),
("45","16","197","446000","Otomatis Oleh Sistem","2023-10-19 10:50:04","2023-10-19 10:50:04",""),
("46","16","201","269999","Otomatis Oleh Sistem","2023-10-19 10:50:04","2023-10-19 10:50:04",""),
("47","17","198","446000","Otomatis Oleh Sistem","2023-10-19 10:51:00","2023-10-19 10:51:00",""),
("48","18","14","446001","Otomatis Oleh Sistem","2023-10-19 10:52:28","2023-10-19 10:52:28",""),
("49","18","18","446000","Otomatis Oleh Sistem","2023-10-19 10:52:28","2023-10-19 10:52:28",""),
("50","18","22","107999","Otomatis Oleh Sistem","2023-10-19 10:52:28","2023-10-19 10:52:28",""),
("51","19","157","446001","Otomatis Oleh Sistem","2023-10-19 10:53:29","2023-10-19 10:53:29",""),
("52","19","161","446000","Otomatis Oleh Sistem","2023-10-19 10:53:29","2023-10-19 10:53:29",""),
("53","19","165","107999","Otomatis Oleh Sistem","2023-10-19 10:53:29","2023-10-19 10:53:29",""),
("54","20","43","446000","Otomatis Oleh Sistem","2023-10-19 10:56:05","2023-10-19 10:56:05",""),
("55","20","47","446000","Otomatis Oleh Sistem","2023-10-19 10:56:05","2023-10-19 10:56:05",""),
("56","20","51","308000","Otomatis Oleh Sistem","2023-10-19 10:56:05","2023-10-19 10:56:05","");

CREATE TABLE `bayar_metode` (
  `id_bayar_metode` int(10) NOT NULL AUTO_INCREMENT,
  `metode` varchar(100) NOT NULL,
  `nomor_rekening` varchar(100) NOT NULL,
  `dibuat_pada` datetime NOT NULL DEFAULT current_timestamp(),
  `diubah_pada` datetime NOT NULL DEFAULT current_timestamp(),
  `dihapus_pada` datetime DEFAULT NULL,
  PRIMARY KEY (`id_bayar_metode`)
) ENGINE=InnoDB AUTO_INCREMENT=3 DEFAULT CHARSET=utf8mb4 COLLATE=utf8mb4_general_ci;

INSERT INTO bayar_metode VALUES
("1","Transfer ke Bank BTN Rekening SMK Triatma Jaya Badung","00555-0130-0000028","2023-09-19 07:51:21","2023-09-19 07:51:21",""),
("2","Transfer ke Bank BTN Rekening OSIS Triatma Jaya Badung","00555-0188-0000085","2023-09-19 07:51:21","2023-09-19 07:51:21","");

CREATE TABLE `biaya` (
  `id_biaya` int(10) NOT NULL AUTO_INCREMENT,
  `id_periode` int(10) NOT NULL,
  `deskripsi_biaya` varchar(200) NOT NULL,
  `jumlah_biaya` int(17) NOT NULL,
  `tanggal_jatuh_tempo` date NOT NULL,
  `tingkat` int(2) DEFAULT NULL,
  `id_jurusan` int(10) DEFAULT NULL,
  `dibuat_pada` datetime NOT NULL DEFAULT current_timestamp(),
  `diubah_pada` datetime NOT NULL DEFAULT current_timestamp(),
  `dihapus_pada` datetime DEFAULT NULL,
  PRIMARY KEY (`id_biaya`)
) ENGINE=InnoDB AUTO_INCREMENT=17 DEFAULT CHARSET=utf8mb4 COLLATE=utf8mb4_general_ci;

INSERT INTO biaya VALUES
("4","8","SPP Juli 2023","446000","2023-07-20","12","1","2023-08-30 11:42:44","2023-08-30 11:42:44",""),
("5","8","SPP Agustus 2023","446000","2023-08-20","12","1","2023-08-30 11:43:16","2023-08-30 11:43:16",""),
("6","8","SPP September 2023","446000","2023-09-20","12","1","2023-08-30 11:44:26","2023-08-30 11:44:26",""),
("7","8","SPP Oktober 2023","446000","2023-10-20","12","1","2023-08-30 11:44:53","2023-08-30 11:44:53",""),
("8","8","SPP November 2023","446000","2023-11-20","12","1","2023-08-30 11:45:51","2023-08-30 11:45:51",""),
("9","8","SPP Desember 2023","446000","2023-12-20","12","1","2023-08-30 11:49:54","2023-08-30 11:49:54",""),
("10","8","SPP Januari 2024","446000","2024-01-20","12","1","2023-08-30 11:50:48","2023-08-30 11:50:48",""),
("11","8","SPP Februari 2024","446000","2024-02-20","12","1","2023-08-30 11:51:18","2023-08-30 11:51:18",""),
("12","8","SPP Maret 2024","446000","2024-03-20","12","1","2023-08-30 11:52:12","2023-08-30 11:52:12",""),
("13","8","SPP April 2024","446000","2024-04-20","12","1","2023-08-30 11:52:51","2023-08-30 11:52:51",""),
("14","8","SPP Mei 2024","446000","2024-05-20","12","1","2023-08-30 11:53:26","2023-08-30 11:53:26",""),
("15","8","SPP Juni 2024","446000","2024-06-20","12","1","2023-08-30 11:54:21","2023-08-30 11:54:21",""),
("16","8","Uang Study Tour","446000","2024-07-20","12","1","2023-08-30 11:55:17","2023-08-30 11:55:17","");

CREATE TABLE `jurusan` (
  `id_jurusan` int(10) NOT NULL AUTO_INCREMENT,
  `jurusan` varchar(100) NOT NULL,
  `dibuat_pada` datetime NOT NULL DEFAULT current_timestamp(),
  `diubah_pada` datetime NOT NULL DEFAULT current_timestamp(),
  `dihapus_pada` datetime DEFAULT NULL,
  PRIMARY KEY (`id_jurusan`)
) ENGINE=InnoDB AUTO_INCREMENT=5 DEFAULT CHARSET=utf8mb4 COLLATE=utf8mb4_general_ci;

INSERT INTO jurusan VALUES
("1","Pengembangan Perangkat Lunak dan Gim (PPLG)","2023-09-05 08:14:37","2023-09-05 08:14:37",""),
("2","Kecantikan dan Spa","2023-09-05 08:16:18","2023-09-05 08:16:18",""),
("3","Perhotelan","2023-09-05 08:17:06","2023-09-05 08:17:06",""),
("4","Kuliner","2023-09-05 08:17:06","2023-09-05 08:17:06","");

CREATE TABLE `periode` (
  `id_periode` int(1) NOT NULL AUTO_INCREMENT,
  `periode` varchar(100) NOT NULL,
  `tanggal_awal` date NOT NULL,
  `tanggal_akhir` date NOT NULL,
  `dibuat_pada` datetime NOT NULL DEFAULT current_timestamp(),
  `diubah_pada` datetime NOT NULL DEFAULT current_timestamp(),
  `dihapus_pada` datetime DEFAULT NULL,
  PRIMARY KEY (`id_periode`)
) ENGINE=InnoDB AUTO_INCREMENT=18 DEFAULT CHARSET=utf8mb4 COLLATE=utf8mb4_general_ci;

INSERT INTO periode VALUES
("1","Tahun Ajar 2022/2023","2022-07-01","2023-06-30","2023-07-26 11:20:28","2023-07-26 11:20:28","2023-08-23 09:09:54"),
("2","Tahun Ajaran 2021/2022","2023-07-01","2023-07-01","2023-07-26 13:05:23","2023-07-26 13:05:23",""),
("6","Tahun Ajar 2021/2022","2021-07-01","2022-06-30","2023-08-23 09:10:57","2023-08-23 09:10:57","2023-08-30 11:37:52"),
("7","Tahun Ajaran 2022/2023","2022-07-01","2023-06-30","2023-08-23 09:11:41","2023-08-23 09:11:41",""),
("8","Tahun Ajaran 2023/2024","2023-07-01","2024-06-30","2023-08-23 09:12:36","2023-08-23 09:12:36",""),
("9","Tahun Ajaran 2024/2025","2024-07-01","2025-06-30","2023-08-23 09:13:20","2023-08-23 09:13:20",""),
("12","Tahun Ajar 2021/2022x","2023-08-10","2023-08-24","2023-08-24 08:50:19","2023-08-24 08:50:19","2023-08-24 08:50:26"),
("13","th22/24","2023-08-18","2023-08-14","2023-08-24 09:23:46","2023-08-24 09:23:46","2023-08-30 08:19:59"),
("14","tahun ajaran 23","2023-08-11","2023-08-09","2023-08-24 11:59:40","2023-08-24 11:59:40","2023-08-30 08:20:04"),
("15","tahun ajaran 29/30","2023-08-15","2023-08-16","2023-08-24 13:15:03","2023-08-24 13:15:03","2023-08-30 08:20:07");

CREATE TABLE `siswa` (
  `id_siswa` int(10) NOT NULL AUTO_INCREMENT,
  `nis` varchar(20) NOT NULL,
  `nama` varchar(200) NOT NULL,
  `kelas` varchar(50) NOT NULL,
  `tingkat` int(2) NOT NULL,
  `id_jurusan` int(10) NOT NULL,
  `alamat` text NOT NULL,
  `no_hp` varchar(25) NOT NULL,
  `email` varchar(50) NOT NULL,
  `dibuat_pada` datetime NOT NULL DEFAULT current_timestamp(),
  `diubah_pada` datetime NOT NULL DEFAULT current_timestamp(),
  `dihapus_pada` datetime DEFAULT NULL,
  PRIMARY KEY (`id_siswa`)
) ENGINE=InnoDB AUTO_INCREMENT=37 DEFAULT CHARSET=utf8mb4 COLLATE=utf8mb4_general_ci;

INSERT INTO siswa VALUES
("1","4950","ALINE SYAHFITRI","XII  PPLG","12","1","JL.Tunjung 1","085857972058","aline@gmail.com","2023-08-23 12:51:36","2023-08-23 12:51:36",""),
("3","4951","BEZALIEL CAHYYA YEHUDA","XII  PPLG","12","1","JL. Gunung Andakasa","087734632004","yehuda@gmail.com","2023-08-23 12:53:30","2023-08-23 12:53:30",""),
("4","4952","FIBRI WILIANA PUTRI","XII  PPLG","12","1","JL.Padang Luwih","0895394536866","fibri@gmail.com","2023-08-23 12:54:59","2023-08-23 12:54:59",""),
("5","4953","GEDE ANDI PERAYOGA","XII  PPLG","12","1","JL. Raya Anyar","089508466041","andi@gmail.com","2023-08-23 13:05:08","2023-08-23 13:05:08",""),
("6","4954","I GEDE ERIK FUGIANTO LILA","XII  PPLG","12","1","dalung","085792958529","erik@gmail.com","2023-08-23 13:13:38","2023-08-23 13:13:38",""),
("7","4955","I PUTU ARYA ADY SUSENA","XII  PPLG","12","1","JL.Padma","085738910245","susena@gmail.com","2023-09-04 21:42:31","2023-09-04 21:42:31",""),
("8","4956","KOMANG RISMA TRI PRADNYANI","XII  PPLG","12","1","JL. Dalung Permai","085738014582","risma@gmail.com","2023-09-04 21:45:17","2023-09-04 21:45:17",""),
("9","4957","MAGDALENA FEBIAYU KANTUR","XII  PPLG","12","1","JL.Abianbase","081339682031","entine@gmail.com","2023-09-04 21:46:21","2023-09-04 21:46:21",""),
("10","4849","PUTU BAGUS WELLSON CHRISAPUTRA J","12","0","0","badung","082146216001","test@gmail.com","2023-09-04 21:55:55","2023-09-04 21:55:55","2023-09-05 08:38:14"),
("11","4877","PATRICIA ANGELICA CAHYA AMANDA","12","0","0","canggu","085876230159","test@gmail.com","2023-09-04 22:01:27","2023-09-04 22:01:27","2023-09-12 08:38:15"),
("12","4958","NASYWA RAMADHANI","XII  PPLG","12","1","JL.Merpati","0876553213222","nasywa@gmail.com","2023-09-05 10:22:12","2023-09-05 10:22:12",""),
("13","4959","NI KADEK DWI SWANDEWI","XII  PPLG","12","1","JL.Raya Padonan,BR.Kulibul Kawan","0876866446534","dwiswandewi@gmail.com","2023-09-05 10:23:50","2023-09-05 10:23:50",""),
("14","4960","NI KADEK NINA ANTARI","XII  PPLG","12","1","Kapal","0876756346632","nina@gmail.com","2023-09-05 10:25:29","2023-09-05 10:25:29",""),
("15","4961","NI LUH CHELSEA WIDYADARI","XII  PPLG","12","1","Tibubeneng,Canggu","087734632004","chelsea@gmail.com","2023-09-05 10:48:27","2023-09-05 10:48:27",""),
("16","4962","NI LUH PUTU DIAH MARTIANI","XII  PPLG","12","1","JL.Dalung Permai","089765456789","diah@gmail.com","2023-09-05 10:49:49","2023-09-05 10:49:49",""),
("17","4963","NI PUTU NIA PRADNYA OKTAVIANI","XII  PPLG","12","1","JL.Tanah Lot","089765456789","nia@gmail.com","2023-09-05 10:51:09","2023-09-05 10:51:09",""),
("18","4964","WILLIAMS JACOBUS FELANUEL","XII  PPLG","12","1","JL.Dalung permai","09874532123","willi@gmail.com","2023-09-05 10:52:36","2023-09-05 10:52:36",""),
("19","4965","ZAID ASSYA YUDAH","XII  PPLG","12","1","JL.Tegal Dukuh","089785757696","zaid@gmail.com","2023-09-05 11:58:24","2023-09-05 11:58:24",""),
("20","4966","DEWA MADE MARTHA ABIMAYU","XII  PPLG","12","1","JJL.Arjuna II","089765456789","dewa@gmail.com","2023-09-05 11:59:35","2023-09-05 11:59:35",""),
("21","4967","FERREL FIEVEL WAWORUNTU","XII  PPLG","12","1","DPS","089785757696","ferrel@gmail.com","2023-09-05 12:00:57","2023-09-05 12:00:57",""),
("22","4968","NELY APRIANI","XII TKC","12","2","Pengilian","087654433122","nely@gmail.com","2023-09-12 08:16:58","2023-09-12 08:16:58",""),
("23","4969","Viani","XII TKC","12","2","Denpasar","08765432342","viani@gmail.com","2023-09-12 08:18:22","2023-09-12 08:18:22",""),
("24","4970","MEISA","XII TKC","12","2","kerobokan","08765678765","meisa@gmail.com","2023-09-12 08:20:07","2023-09-12 08:20:07",""),
("25","4971","KRISTY","XII TKC","12","2","disamping jalan","087987890998","kristi@gmail.com","2023-09-12 08:21:20","2023-09-12 08:21:20",""),
("26","4972","SONIA","XII TKC","12","2","ABS","085673864278688","sonia6@gmail.com","2023-09-12 08:22:50","2023-09-12 08:22:50",""),
("27","4973","DESINTA","XII PH","12","3","di pinggir jlan","098765432134567","sinta@gmail.com","2023-09-12 08:24:28","2023-09-12 08:24:28",""),
("28","4974","OKTA","XII PH","12","3","dimana_mana hatiku senang","08765432134","okta@gmail.com","2023-09-12 08:26:44","2023-09-12 08:26:44",""),
("29","4975","GUS DWI","XII PH","12","3","dirumahny","089876543432","dwi@gmail.com","2023-09-12 08:28:00","2023-09-12 08:28:00",""),
("30","4976","ARISTA","XII PH","12","3","dimana\"","0897543234566","rista@gmail.com","2023-09-12 08:33:22","2023-09-12 08:33:22",""),
("31","4977","DEPPA","XII PH","12","3","gatau","08765434567888","pon@gmail.com","2023-09-12 08:34:29","2023-09-12 08:34:29",""),
("32","4978","ERIK","XII TB","12","4","canggu","08989786555","rii@gmail.com","2023-09-12 08:36:10","2023-09-12 08:36:10",""),
("33","4979","BAYU","XII TB","12","4","gtw deh","089874532123","byu@gmail.com","2023-09-12 08:37:25","2023-09-12 08:37:25",""),
("34","4980","PATRICIA ANGELICA CAHYA AMANDA","XII TB","12","4","canggu","0898765434567","angel@gmail.com","2023-09-12 08:40:16","2023-09-12 08:40:16",""),
("35","4981","MADE","XII TB","12","4","gataull","089765345678","dede@gmail.com","2023-09-12 09:44:31","2023-09-12 09:44:31",""),
("36","4982","ADI ","XII TB","12","4","gtw nok","08976543234567","adiiii@gmail.com","2023-09-12 12:28:31","2023-09-12 12:28:31","");

CREATE TABLE `tagihan` (
  `id_tagihan` int(10) NOT NULL AUTO_INCREMENT,
  `id_biaya` int(10) NOT NULL,
  `id_siswa` int(10) NOT NULL,
  `kelas` varchar(50) NOT NULL,
  `keterangan` varchar(200) NOT NULL,
  `potongan` int(20) NOT NULL DEFAULT 0,
  `total_terbayar` int(20) NOT NULL DEFAULT 0,
  `dibuat_pada` datetime NOT NULL DEFAULT current_timestamp(),
  `diubah_pada` datetime NOT NULL DEFAULT current_timestamp(),
  `dihapus_pada` datetime DEFAULT NULL,
  PRIMARY KEY (`id_tagihan`)
) ENGINE=InnoDB AUTO_INCREMENT=235 DEFAULT CHARSET=utf8mb4 COLLATE=utf8mb4_general_ci;

INSERT INTO tagihan VALUES
("1","4","1","XII  PPLG","","0","0","2023-10-12 10:27:09","2023-10-12 10:27:09",""),
("2","5","1","XII  PPLG","","0","0","2023-10-12 10:27:09","2023-10-12 10:27:09",""),
("3","6","1","XII  PPLG","","0","0","2023-10-12 10:27:09","2023-10-12 10:27:09",""),
("4","7","1","XII  PPLG","","0","0","2023-10-12 10:27:09","2023-10-12 10:27:09",""),
("5","8","1","XII  PPLG","","0","0","2023-10-12 10:27:09","2023-10-12 10:27:09",""),
("6","9","1","XII  PPLG","","0","0","2023-10-12 10:27:09","2023-10-12 10:27:09",""),
("7","10","1","XII  PPLG","","0","0","2023-10-12 10:27:09","2023-10-12 10:27:09",""),
("8","11","1","XII  PPLG","","0","0","2023-10-12 10:27:09","2023-10-12 10:27:09",""),
("9","12","1","XII  PPLG","","0","0","2023-10-12 10:27:09","2023-10-12 10:27:09",""),
("10","13","1","XII  PPLG","","0","0","2023-10-12 10:27:09","2023-10-12 10:27:09",""),
("11","14","1","XII  PPLG","","0","0","2023-10-12 10:27:09","2023-10-12 10:27:09",""),
("12","15","1","XII  PPLG","","0","0","2023-10-12 10:27:09","2023-10-12 10:27:09",""),
("13","16","1","XII  PPLG","","0","0","2023-10-12 10:27:09","2023-10-12 10:27:09",""),
("14","4","3","XII  PPLG","","0","446001","2023-10-12 10:27:09","2023-10-12 10:27:09",""),
("15","5","3","XII  PPLG","","0","0","2023-10-12 10:27:09","2023-10-12 10:27:09",""),
("16","6","3","XII  PPLG","","0","0","2023-10-12 10:27:09","2023-10-12 10:27:09",""),
("17","7","3","XII  PPLG","","0","0","2023-10-12 10:27:09","2023-10-12 10:27:09",""),
("18","8","3","XII  PPLG","","0","446000","2023-10-12 10:27:09","2023-10-12 10:27:09",""),
("19","9","3","XII  PPLG","","0","0","2023-10-12 10:27:09","2023-10-12 10:27:09",""),
("20","10","3","XII  PPLG","","0","0","2023-10-12 10:27:09","2023-10-12 10:27:09",""),
("21","11","3","XII  PPLG","","0","0","2023-10-12 10:27:09","2023-10-12 10:27:09",""),
("22","12","3","XII  PPLG","","0","107999","2023-10-12 10:27:09","2023-10-12 10:27:09",""),
("23","13","3","XII  PPLG","","0","0","2023-10-12 10:27:09","2023-10-12 10:27:09",""),
("24","14","3","XII  PPLG","","0","0","2023-10-12 10:27:09","2023-10-12 10:27:09",""),
("25","15","3","XII  PPLG","","0","0","2023-10-12 10:27:09","2023-10-12 10:27:09",""),
("26","16","3","XII  PPLG","","0","0","2023-10-12 10:27:09","2023-10-12 10:27:09",""),
("27","4","4","XII  PPLG","","0","446001","2023-10-12 10:27:09","2023-10-12 10:27:09",""),
("28","5","4","XII  PPLG","","0","446000","2023-10-12 10:27:09","2023-10-12 10:27:09",""),
("29","6","4","XII  PPLG","","0","0","2023-10-12 10:27:09","2023-10-12 10:27:09",""),
("30","7","4","XII  PPLG","","0","0","2023-10-12 10:27:09","2023-10-12 10:27:09",""),
("31","8","4","XII  PPLG","","0","446000","2023-10-12 10:27:09","2023-10-12 10:27:09",""),
("32","9","4","XII  PPLG","","0","0","2023-10-12 10:27:09","2023-10-12 10:27:09",""),
("33","10","4","XII  PPLG","","0","54000","2023-10-12 10:27:09","2023-10-12 10:27:09",""),
("34","11","4","XII  PPLG","","0","0","2023-10-12 10:27:09","2023-10-12 10:27:09",""),
("35","12","4","XII  PPLG","","0","307999","2023-10-12 10:27:09","2023-10-12 10:27:09",""),
("36","13","4","XII  PPLG","","0","0","2023-10-12 10:27:09","2023-10-12 10:27:09",""),
("37","14","4","XII  PPLG","","0","0","2023-10-12 10:27:09","2023-10-12 10:27:09",""),
("38","15","4","XII  PPLG","","0","0","2023-10-12 10:27:09","2023-10-12 10:27:09",""),
("39","16","4","XII  PPLG","","0","0","2023-10-12 10:27:09","2023-10-12 10:27:09",""),
("40","4","5","XII  PPLG","","0","0","2023-10-12 10:27:09","2023-10-12 10:27:09",""),
("41","5","5","XII  PPLG","","0","0","2023-10-12 10:27:09","2023-10-12 10:27:09",""),
("42","6","5","XII  PPLG","","0","0","2023-10-12 10:27:09","2023-10-12 10:27:09",""),
("43","7","5","XII  PPLG","","0","446000","2023-10-12 10:27:09","2023-10-12 10:27:09",""),
("44","8","5","XII  PPLG","","0","0","2023-10-12 10:27:09","2023-10-12 10:27:09",""),
("45","9","5","XII  PPLG","","0","0","2023-10-12 10:27:09","2023-10-12 10:27:09",""),
("46","10","5","XII  PPLG","","0","0","2023-10-12 10:27:09","2023-10-12 10:27:09",""),
("47","11","5","XII  PPLG","","0","446000","2023-10-12 10:27:09","2023-10-12 10:27:09",""),
("48","12","5","XII  PPLG","","0","0","2023-10-12 10:27:09","2023-10-12 10:27:09",""),
("49","13","5","XII  PPLG","","0","0","2023-10-12 10:27:09","2023-10-12 10:27:09",""),
("50","14","5","XII  PPLG","","0","0","2023-10-12 10:27:09","2023-10-12 10:27:09",""),
("51","15","5","XII  PPLG","","0","308000","2023-10-12 10:27:09","2023-10-12 10:27:09",""),
("52","16","5","XII  PPLG","","0","0","2023-10-12 10:27:09","2023-10-12 10:27:09",""),
("53","4","6","XII  PPLG","","0","0","2023-10-12 10:27:09","2023-10-12 10:27:09",""),
("54","5","6","XII  PPLG","","0","0","2023-10-12 10:27:09","2023-10-12 10:27:09",""),
("55","6","6","XII  PPLG","","0","0","2023-10-12 10:27:09","2023-10-12 10:27:09",""),
("56","7","6","XII  PPLG","","0","0","2023-10-12 10:27:09","2023-10-12 10:27:09",""),
("57","8","6","XII  PPLG","","0","0","2023-10-12 10:27:09","2023-10-12 10:27:09",""),
("58","9","6","XII  PPLG","","0","0","2023-10-12 10:27:09","2023-10-12 10:27:09",""),
("59","10","6","XII  PPLG","","0","0","2023-10-12 10:27:09","2023-10-12 10:27:09",""),
("60","11","6","XII  PPLG","","0","0","2023-10-12 10:27:09","2023-10-12 10:27:09",""),
("61","12","6","XII  PPLG","","0","0","2023-10-12 10:27:09","2023-10-12 10:27:09",""),
("62","13","6","XII  PPLG","","0","0","2023-10-12 10:27:09","2023-10-12 10:27:09",""),
("63","14","6","XII  PPLG","","0","0","2023-10-12 10:27:09","2023-10-12 10:27:09",""),
("64","15","6","XII  PPLG","","0","0","2023-10-12 10:27:09","2023-10-12 10:27:09",""),
("65","16","6","XII  PPLG","","0","0","2023-10-12 10:27:09","2023-10-12 10:27:09",""),
("66","4","7","XII  PPLG","","0","0","2023-10-12 10:27:09","2023-10-12 10:27:09",""),
("67","5","7","XII  PPLG","","0","0","2023-10-12 10:27:09","2023-10-12 10:27:09",""),
("68","6","7","XII  PPLG","","0","0","2023-10-12 10:27:09","2023-10-12 10:27:09",""),
("69","7","7","XII  PPLG","","0","0","2023-10-12 10:27:09","2023-10-12 10:27:09",""),
("70","8","7","XII  PPLG","","0","0","2023-10-12 10:27:09","2023-10-12 10:27:09",""),
("71","9","7","XII  PPLG","","0","0","2023-10-12 10:27:09","2023-10-12 10:27:09",""),
("72","10","7","XII  PPLG","","0","0","2023-10-12 10:27:09","2023-10-12 10:27:09",""),
("73","11","7","XII  PPLG","","0","0","2023-10-12 10:27:09","2023-10-12 10:27:09",""),
("74","12","7","XII  PPLG","","0","0","2023-10-12 10:27:09","2023-10-12 10:27:09",""),
("75","13","7","XII  PPLG","","0","0","2023-10-12 10:27:09","2023-10-12 10:27:09",""),
("76","14","7","XII  PPLG","","0","0","2023-10-12 10:27:09","2023-10-12 10:27:09",""),
("77","15","7","XII  PPLG","","0","0","2023-10-12 10:27:09","2023-10-12 10:27:09",""),
("78","16","7","XII  PPLG","","0","0","2023-10-12 10:27:09","2023-10-12 10:27:09",""),
("79","4","8","XII  PPLG","","0","446001","2023-10-12 10:27:09","2023-10-12 10:27:09",""),
("80","5","8","XII  PPLG","","0","446000","2023-10-12 10:27:09","2023-10-12 10:27:09",""),
("81","6","8","XII  PPLG","","0","446000","2023-10-12 10:27:09","2023-10-12 10:27:09",""),
("82","7","8","XII  PPLG","","0","0","2023-10-12 10:27:09","2023-10-12 10:27:09",""),
("83","8","8","XII  PPLG","","0","446000","2023-10-12 10:27:09","2023-10-12 10:27:09",""),
("84","9","8","XII  PPLG","","0","0","2023-10-12 10:27:09","2023-10-12 10:27:09",""),
("85","10","8","XII  PPLG","","0","446000","2023-10-12 10:27:09","2023-10-12 10:27:09",""),
("86","11","8","XII  PPLG","","0","216000","2023-10-12 10:27:09","2023-10-12 10:27:09",""),
("87","12","8","XII  PPLG","","0","7999","2023-10-12 10:27:09","2023-10-12 10:27:09",""),
("88","13","8","XII  PPLG","","0","0","2023-10-12 10:27:09","2023-10-12 10:27:09",""),
("89","14","8","XII  PPLG","","0","446000","2023-10-12 10:27:09","2023-10-12 10:27:09",""),
("90","15","8","XII  PPLG","","0","0","2023-10-12 10:27:09","2023-10-12 10:27:09",""),
("91","16","8","XII  PPLG","","0","0","2023-10-12 10:27:09","2023-10-12 10:27:09",""),
("92","4","9","XII  PPLG","","0","0","2023-10-12 10:27:09","2023-10-12 10:27:09",""),
("93","5","9","XII  PPLG","","0","0","2023-10-12 10:27:09","2023-10-12 10:27:09",""),
("94","6","9","XII  PPLG","","0","0","2023-10-12 10:27:09","2023-10-12 10:27:09",""),
("95","7","9","XII  PPLG","","0","0","2023-10-12 10:27:09","2023-10-12 10:27:09",""),
("96","8","9","XII  PPLG","","0","0","2023-10-12 10:27:09","2023-10-12 10:27:09",""),
("97","9","9","XII  PPLG","","0","0","2023-10-12 10:27:09","2023-10-12 10:27:09",""),
("98","10","9","XII  PPLG","","0","0","2023-10-12 10:27:09","2023-10-12 10:27:09",""),
("99","11","9","XII  PPLG","","0","0","2023-10-12 10:27:09","2023-10-12 10:27:09",""),
("100","12","9","XII  PPLG","","0","0","2023-10-12 10:27:09","2023-10-12 10:27:09","");
INSERT INTO tagihan VALUES
("101","13","9","XII  PPLG","","0","0","2023-10-12 10:27:09","2023-10-12 10:27:09",""),
("102","14","9","XII  PPLG","","0","0","2023-10-12 10:27:09","2023-10-12 10:27:09",""),
("103","15","9","XII  PPLG","","0","0","2023-10-12 10:27:09","2023-10-12 10:27:09",""),
("104","16","9","XII  PPLG","","0","0","2023-10-12 10:27:09","2023-10-12 10:27:09",""),
("105","4","12","XII  PPLG","","0","446001","2023-10-12 10:27:09","2023-10-12 10:27:09",""),
("106","5","12","XII  PPLG","","0","446000","2023-10-12 10:27:09","2023-10-12 10:27:09",""),
("107","6","12","XII  PPLG","","0","0","2023-10-12 10:27:09","2023-10-12 10:27:09",""),
("108","7","12","XII  PPLG","","0","0","2023-10-12 10:27:09","2023-10-12 10:27:09",""),
("109","8","12","XII  PPLG","","0","446000","2023-10-12 10:27:09","2023-10-12 10:27:09",""),
("110","9","12","XII  PPLG","","0","0","2023-10-12 10:27:09","2023-10-12 10:27:09",""),
("111","10","12","XII  PPLG","","0","54000","2023-10-12 10:27:09","2023-10-12 10:27:09",""),
("112","11","12","XII  PPLG","","0","0","2023-10-12 10:27:09","2023-10-12 10:27:09",""),
("113","12","12","XII  PPLG","","0","107999","2023-10-12 10:27:09","2023-10-12 10:27:09",""),
("114","13","12","XII  PPLG","","0","0","2023-10-12 10:27:09","2023-10-12 10:27:09",""),
("115","14","12","XII  PPLG","","0","0","2023-10-12 10:27:09","2023-10-12 10:27:09",""),
("116","15","12","XII  PPLG","","0","0","2023-10-12 10:27:09","2023-10-12 10:27:09",""),
("117","16","12","XII  PPLG","","0","0","2023-10-12 10:27:09","2023-10-12 10:27:09",""),
("118","4","13","XII  PPLG","","0","0","2023-10-12 10:27:09","2023-10-12 10:27:09",""),
("119","5","13","XII  PPLG","","0","0","2023-10-12 10:27:09","2023-10-12 10:27:09",""),
("120","6","13","XII  PPLG","","0","0","2023-10-12 10:27:09","2023-10-12 10:27:09",""),
("121","7","13","XII  PPLG","","0","0","2023-10-12 10:27:09","2023-10-12 10:27:09",""),
("122","8","13","XII  PPLG","","0","0","2023-10-12 10:27:09","2023-10-12 10:27:09",""),
("123","9","13","XII  PPLG","","0","0","2023-10-12 10:27:09","2023-10-12 10:27:09",""),
("124","10","13","XII  PPLG","","0","0","2023-10-12 10:27:09","2023-10-12 10:27:09",""),
("125","11","13","XII  PPLG","","0","0","2023-10-12 10:27:09","2023-10-12 10:27:09",""),
("126","12","13","XII  PPLG","","0","0","2023-10-12 10:27:09","2023-10-12 10:27:09",""),
("127","13","13","XII  PPLG","","0","0","2023-10-12 10:27:09","2023-10-12 10:27:09",""),
("128","14","13","XII  PPLG","","0","0","2023-10-12 10:27:09","2023-10-12 10:27:09",""),
("129","15","13","XII  PPLG","","0","0","2023-10-12 10:27:09","2023-10-12 10:27:09",""),
("130","16","13","XII  PPLG","","0","0","2023-10-12 10:27:09","2023-10-12 10:27:09",""),
("131","4","14","XII  PPLG","","0","0","2023-10-12 10:27:09","2023-10-12 10:27:09",""),
("132","5","14","XII  PPLG","","0","0","2023-10-12 10:27:09","2023-10-12 10:27:09",""),
("133","6","14","XII  PPLG","","0","0","2023-10-12 10:27:09","2023-10-12 10:27:09",""),
("134","7","14","XII  PPLG","","0","0","2023-10-12 10:27:09","2023-10-12 10:27:09",""),
("135","8","14","XII  PPLG","","0","0","2023-10-12 10:27:09","2023-10-12 10:27:09",""),
("136","9","14","XII  PPLG","","0","0","2023-10-12 10:27:09","2023-10-12 10:27:09",""),
("137","10","14","XII  PPLG","","0","0","2023-10-12 10:27:09","2023-10-12 10:27:09",""),
("138","11","14","XII  PPLG","","0","0","2023-10-12 10:27:09","2023-10-12 10:27:09",""),
("139","12","14","XII  PPLG","","0","0","2023-10-12 10:27:09","2023-10-12 10:27:09",""),
("140","13","14","XII  PPLG","","0","0","2023-10-12 10:27:09","2023-10-12 10:27:09",""),
("141","14","14","XII  PPLG","","0","0","2023-10-12 10:27:09","2023-10-12 10:27:09",""),
("142","15","14","XII  PPLG","","0","0","2023-10-12 10:27:09","2023-10-12 10:27:09",""),
("143","16","14","XII  PPLG","","0","0","2023-10-12 10:27:09","2023-10-12 10:27:09",""),
("144","4","15","XII  PPLG","","0","446000","2023-10-12 10:27:09","2023-10-12 10:27:09",""),
("145","5","15","XII  PPLG","","0","446000","2023-10-12 10:27:09","2023-10-12 10:27:09",""),
("146","6","15","XII  PPLG","","0","446000","2023-10-12 10:27:09","2023-10-12 10:27:09",""),
("147","7","15","XII  PPLG","","0","0","2023-10-12 10:27:09","2023-10-12 10:27:09",""),
("148","8","15","XII  PPLG","","0","0","2023-10-12 10:27:09","2023-10-12 10:27:09",""),
("149","9","15","XII  PPLG","","0","0","2023-10-12 10:27:09","2023-10-12 10:27:09",""),
("150","10","15","XII  PPLG","","0","0","2023-10-12 10:27:09","2023-10-12 10:27:09",""),
("151","11","15","XII  PPLG","","0","0","2023-10-12 10:27:09","2023-10-12 10:27:09",""),
("152","12","15","XII  PPLG","","0","0","2023-10-12 10:27:09","2023-10-12 10:27:09",""),
("153","13","15","XII  PPLG","","0","0","2023-10-12 10:27:09","2023-10-12 10:27:09",""),
("154","14","15","XII  PPLG","","0","0","2023-10-12 10:27:09","2023-10-12 10:27:09",""),
("155","15","15","XII  PPLG","","0","0","2023-10-12 10:27:09","2023-10-12 10:27:09",""),
("156","16","15","XII  PPLG","","0","1608000","2023-10-12 10:27:09","2023-10-12 10:27:09",""),
("157","4","16","XII  PPLG","","0","446001","2023-10-12 10:27:09","2023-10-12 10:27:09",""),
("158","5","16","XII  PPLG","","0","0","2023-10-12 10:27:09","2023-10-12 10:27:09",""),
("159","6","16","XII  PPLG","","0","0","2023-10-12 10:27:09","2023-10-12 10:27:09",""),
("160","7","16","XII  PPLG","","0","0","2023-10-12 10:27:09","2023-10-12 10:27:09",""),
("161","8","16","XII  PPLG","","0","446000","2023-10-12 10:27:09","2023-10-12 10:27:09",""),
("162","9","16","XII  PPLG","","0","0","2023-10-12 10:27:09","2023-10-12 10:27:09",""),
("163","10","16","XII  PPLG","","0","0","2023-10-12 10:27:09","2023-10-12 10:27:09",""),
("164","11","16","XII  PPLG","","0","0","2023-10-12 10:27:09","2023-10-12 10:27:09",""),
("165","12","16","XII  PPLG","","0","107999","2023-10-12 10:27:09","2023-10-12 10:27:09",""),
("166","13","16","XII  PPLG","","0","0","2023-10-12 10:27:09","2023-10-12 10:27:09",""),
("167","14","16","XII  PPLG","","0","0","2023-10-12 10:27:09","2023-10-12 10:27:09",""),
("168","15","16","XII  PPLG","","0","0","2023-10-12 10:27:09","2023-10-12 10:27:09",""),
("169","16","16","XII  PPLG","","0","0","2023-10-12 10:27:09","2023-10-12 10:27:09",""),
("170","4","17","XII  PPLG","","0","446001","2023-10-12 10:27:09","2023-10-12 10:27:09",""),
("171","5","17","XII  PPLG","","0","446000","2023-10-12 10:27:09","2023-10-12 10:27:09",""),
("172","6","17","XII  PPLG","","0","0","2023-10-12 10:27:09","2023-10-12 10:27:09",""),
("173","7","17","XII  PPLG","","0","0","2023-10-12 10:27:09","2023-10-12 10:27:09",""),
("174","8","17","XII  PPLG","","0","446000","2023-10-12 10:27:09","2023-10-12 10:27:09",""),
("175","9","17","XII  PPLG","","0","0","2023-10-12 10:27:09","2023-10-12 10:27:09",""),
("176","10","17","XII  PPLG","","0","0","2023-10-12 10:27:09","2023-10-12 10:27:09",""),
("177","11","17","XII  PPLG","","0","0","2023-10-12 10:27:09","2023-10-12 10:27:09",""),
("178","12","17","XII  PPLG","","0","107999","2023-10-12 10:27:09","2023-10-12 10:27:09",""),
("179","13","17","XII  PPLG","","0","0","2023-10-12 10:27:09","2023-10-12 10:27:09",""),
("180","14","17","XII  PPLG","","0","0","2023-10-12 10:27:09","2023-10-12 10:27:09",""),
("181","15","17","XII  PPLG","","0","0","2023-10-12 10:27:09","2023-10-12 10:27:09",""),
("182","16","17","XII  PPLG","","0","0","2023-10-12 10:27:09","2023-10-12 10:27:09",""),
("183","4","18","XII  PPLG","","0","446001","2023-10-12 10:27:09","2023-10-12 10:27:09",""),
("184","5","18","XII  PPLG","","0","446000","2023-10-12 10:27:09","2023-10-12 10:27:09",""),
("185","6","18","XII  PPLG","","0","0","2023-10-12 10:27:09","2023-10-12 10:27:09",""),
("186","7","18","XII  PPLG","","0","0","2023-10-12 10:27:09","2023-10-12 10:27:09",""),
("187","8","18","XII  PPLG","","0","446000","2023-10-12 10:27:09","2023-10-12 10:27:09",""),
("188","9","18","XII  PPLG","","0","0","2023-10-12 10:27:09","2023-10-12 10:27:09",""),
("189","10","18","XII  PPLG","","0","446000","2023-10-12 10:27:09","2023-10-12 10:27:09",""),
("190","11","18","XII  PPLG","","0","0","2023-10-12 10:27:09","2023-10-12 10:27:09",""),
("191","12","18","XII  PPLG","","0","446000","2023-10-12 10:27:09","2023-10-12 10:27:09",""),
("192","13","18","XII  PPLG","","0","0","2023-10-12 10:27:09","2023-10-12 10:27:09",""),
("193","14","18","XII  PPLG","","0","0","2023-10-12 10:27:09","2023-10-12 10:27:09",""),
("194","15","18","XII  PPLG","","0","108000","2023-10-12 10:27:09","2023-10-12 10:27:09",""),
("195","16","18","XII  PPLG","","0","161999","2023-10-12 10:27:09","2023-10-12 10:27:09",""),
("196","4","19","XII  PPLG","","0","446001","2023-10-12 10:27:09","2023-10-12 10:27:09",""),
("197","5","19","XII  PPLG","","0","446000","2023-10-12 10:27:09","2023-10-12 10:27:09",""),
("198","6","19","XII  PPLG","","0","446000","2023-10-12 10:27:09","2023-10-12 10:27:09",""),
("199","7","19","XII  PPLG","","0","0","2023-10-12 10:27:09","2023-10-12 10:27:09",""),
("200","8","19","XII  PPLG","","0","446000","2023-10-12 10:27:09","2023-10-12 10:27:09","");
INSERT INTO tagihan VALUES
("201","9","19","XII  PPLG","","0","269999","2023-10-12 10:27:09","2023-10-12 10:27:09",""),
("202","10","19","XII  PPLG","","0","0","2023-10-12 10:27:09","2023-10-12 10:27:09",""),
("203","11","19","XII  PPLG","","0","0","2023-10-12 10:27:09","2023-10-12 10:27:09",""),
("204","12","19","XII  PPLG","","0","446000","2023-10-12 10:27:09","2023-10-12 10:27:09",""),
("205","13","19","XII  PPLG","","0","0","2023-10-12 10:27:09","2023-10-12 10:27:09",""),
("206","14","19","XII  PPLG","","0","0","2023-10-12 10:27:09","2023-10-12 10:27:09",""),
("207","15","19","XII  PPLG","","0","0","2023-10-12 10:27:09","2023-10-12 10:27:09",""),
("208","16","19","XII  PPLG","","0","446000","2023-10-12 10:27:09","2023-10-12 10:27:09",""),
("209","4","20","XII  PPLG","","0","446001","2023-10-12 10:27:09","2023-10-12 10:27:09",""),
("210","5","20","XII  PPLG","","0","0","2023-10-12 10:27:09","2023-10-12 10:27:09",""),
("211","6","20","XII  PPLG","","0","446000","2023-10-12 10:27:09","2023-10-12 10:27:09",""),
("212","7","20","XII  PPLG","","0","0","2023-10-12 10:27:09","2023-10-12 10:27:09",""),
("213","8","20","XII  PPLG","","0","0","2023-10-12 10:27:09","2023-10-12 10:27:09",""),
("214","9","20","XII  PPLG","","0","446000","2023-10-12 10:27:09","2023-10-12 10:27:09",""),
("215","10","20","XII  PPLG","","0","446000","2023-10-12 10:27:09","2023-10-12 10:27:09",""),
("216","11","20","XII  PPLG","","0","0","2023-10-12 10:27:09","2023-10-12 10:27:09",""),
("217","12","20","XII  PPLG","","0","0","2023-10-12 10:27:09","2023-10-12 10:27:09",""),
("218","13","20","XII  PPLG","","0","0","2023-10-12 10:27:09","2023-10-12 10:27:09",""),
("219","14","20","XII  PPLG","","0","215999","2023-10-12 10:27:09","2023-10-12 10:27:09",""),
("220","15","20","XII  PPLG","","0","0","2023-10-12 10:27:09","2023-10-12 10:27:09",""),
("221","16","20","XII  PPLG","","0","0","2023-10-12 10:27:09","2023-10-12 10:27:09",""),
("222","4","21","XII  PPLG","","0","0","2023-10-12 10:27:09","2023-10-12 10:27:09",""),
("223","5","21","XII  PPLG","","0","0","2023-10-12 10:27:09","2023-10-12 10:27:09",""),
("224","6","21","XII  PPLG","","0","0","2023-10-12 10:27:09","2023-10-12 10:27:09",""),
("225","7","21","XII  PPLG","","0","0","2023-10-12 10:27:09","2023-10-12 10:27:09",""),
("226","8","21","XII  PPLG","","0","0","2023-10-12 10:27:09","2023-10-12 10:27:09",""),
("227","9","21","XII  PPLG","","0","0","2023-10-12 10:27:09","2023-10-12 10:27:09",""),
("228","10","21","XII  PPLG","","0","0","2023-10-12 10:27:09","2023-10-12 10:27:09",""),
("229","11","21","XII  PPLG","","0","0","2023-10-12 10:27:09","2023-10-12 10:27:09",""),
("230","12","21","XII  PPLG","","0","0","2023-10-12 10:27:09","2023-10-12 10:27:09",""),
("231","13","21","XII  PPLG","","0","0","2023-10-12 10:27:09","2023-10-12 10:27:09",""),
("232","14","21","XII  PPLG","","0","0","2023-10-12 10:27:09","2023-10-12 10:27:09",""),
("233","15","21","XII  PPLG","","0","0","2023-10-12 10:27:09","2023-10-12 10:27:09",""),
("234","16","21","XII  PPLG","","0","0","2023-10-12 10:27:09","2023-10-12 10:27:09","");

CREATE TABLE `user` (
  `id_user` int(10) NOT NULL AUTO_INCREMENT,
  `nama` varchar(200) NOT NULL,
  `username` varchar(200) NOT NULL,
  `password` varchar(200) NOT NULL,
  `hak_akses` int(1) NOT NULL,
  `dibuat_pada` datetime NOT NULL DEFAULT current_timestamp(),
  `diubah_pada` datetime NOT NULL DEFAULT current_timestamp(),
  `dihapus_pada` datetime DEFAULT NULL,
  PRIMARY KEY (`id_user`)
) ENGINE=InnoDB AUTO_INCREMENT=4 DEFAULT CHARSET=utf8mb4 COLLATE=utf8mb4_general_ci;

INSERT INTO user VALUES
("1","NI PUTU NIA PRADNYA OKTAVIANI","niapradnyaaaa","12345","1","2023-08-24 09:18:53","2023-08-24 09:18:53",""),
("3","Chelsea Widya","celsi","2810","1","2023-09-13 08:00:28","2023-09-13 08:00:28","");